"n_pages","content_mime_detected","top_tlds","top_domains"
"31373","application/pdf","[{edu, 5576}, {org, 5140}, {ca, 2730}, {de, 2435}, {jp, 2003}, {gov, 1932}, {com, 1252}, {cc, 1016}, {nl, 906}, {ch, 879}, {uk, 723}, {fr, 669}, {ru, 635}, {pl, 515}, {int, 492}, {at, 363}, {es, 291}, {dk, 277}, {cz, 273}, {no, 251}, {in, 248}, {it, 243}, {eu, 185}, {hr, 175}, {net, 146}]","{epfl.ch=172, berkeley.edu=201, tuwien.ac.at=148, mit.edu=193, uni-bayreuth.de=474, columbia.edu=606, copernicus.org=376, ku.dk=208, onf.fr=164, hawaii.edu=397, harvard.edu=212, gva.es=237, nips.cc=328, mapress.com=196, ms.gov=173, usgs.gov=166, umk.pl=428, jaea.go.jp=611, nrao.edu=157, nmt.edu=278, iodp.org=425, bournemouth.ac.uk=281, dagstuhl.de=174, tudelft.nl=201, u-tokyo.ac.jp=303, nasa.gov=485, noaa.gov=277, jma.go.jp=143, uqam.ca=1265, mpg.de=357, tamu.edu=154, kek.jp=296, arlis.org=417, thecvf.com=299, eartharxiv.org=624, admin.ch=232, bayern.de=465, ntnu.no=172, epizodyspace.ru=259, caltech.edu=595, utoronto.ca=128, cern.ch=135, ipums.org=936, esa.int=333, auburn.edu=408, cwi.nl=414, scholaris.ca=1113, neurips.cc=623, idahogeology.org=251, gsj.jp=188}"
"12744","application/octet-stream","[{gov, 4294}, {edu, 4107}, {ca, 2139}, {org, 1653}, {ch, 449}, {ee, 50}, {jp, 16}, {com, 12}, {cern, 6}]","{ceos.org=6, si.edu=37, illumina.com=8, freedesktop.org=1, 1001genomes.org=351, nasa.gov=4294, ucsf.edu=2, wisc.edu=717, ethz.ch=1, tuwien.ac.at=1, mit.edu=1623, uwaterloo.ca=1, rochester.edu=1, tamu.edu=7, openrepository.com=1, imgt.org=2, cvut.cz=4, cassavabase.org=21, riken.jp=16, uzh.ch=38, uva.nl=2, scfbio-iitd.res.in=1, ucsc.edu=1502, uj.edu.pl=2, maaamet.ee=50, ucla.edu=45, uni-freiburg.de=2, harvard.edu=66, ihmc.us=1, esahubble.org=467, lowell.edu=4, salmobase.org=798, colorado.edu=31, washington.edu=33, caltech.edu=22, cern.ch=410, ubc.ca=1, nvidia.com=3, root.cern=6, gu.se=4, ntu.edu.tw=1, bcgsc.ca=2137, gnu.org=3, ucf.edu=17, iodp.org=2, personality-project.org=2}"
"4923","text/plain","[{edu, 2153}, {org, 1444}, {ca, 334}, {gov, 277}, {es, 206}, {cn, 116}, {com, 112}, {jp, 87}, {uk, 74}, {fr, 69}, {de, 13}, {in, 9}, {se, 6}, {pl, 5}]","{obspm.fr=62, stanford.edu=12, si.edu=117, freedesktop.org=4, 1001genomes.org=820, szbl.ac.cn=110, lncipedia.org=57, wisc.edu=148, mit.edu=283, uni-bayreuth.de=4, riken.jp=65, ucsc.edu=330, icrisat.org=22, im-ldi.com=16, harvard.edu=226, nmsu.edu=335, salmobase.org=206, washington.edu=95, generegulation.org=16, peptideatlas.org=154, gu.se=6, bcgsc.ca=332, caida.org=10, cnsgenomics.com=8, iodp.org=8, nyu.edu=8, earthbyte.org=14, lirmm.fr=6, kazusa.or.jp=21, ebi.ac.uk=65, illumina.com=32, unc.edu=8, oecd-nea.org=11, fishtedb.com=54, uni-jena.de=5, metoffice.gov.uk=6, nasa.gov=179, noaa.gov=91, princeton.edu=5, cnio.es=205, proteinatlas.org=11, cassavabase.org=38, cncb.ac.cn=5, scfbio-iitd.res.in=9, ucla.edu=316, stsci.edu=7, lowell.edu=83, colorado.edu=6, caltech.edu=162, ico2s.org=40}"
"3293","model/vnd.valve.source.compiled-map","[{gov, 3291}]","{nmsu.edu=2, nasa.gov=3291}"
"255","text/html","[{org, 67}, {edu, 53}, {com, 50}, {jp, 34}, {pl, 18}, {io, 5}]","{imdpune.gov.in=1, expasy.org=2, mit.edu=1, proconsortium.org=2, copernicus.org=1, birmingham.ac.uk=1, produccioncientificaluz.org=6, uni-bielefeld.de=2, logarithmic.net=1, ucsc.edu=1, nmsu.edu=48, sgu.ru=2, rochesterastronomy.org=7, jaxa.jp=34, bcgsc.ca=2, readthedocs.io=1, satijalab.org=1, umaryland.edu=1, osubmi.org=1, nih.gov=2, r-project.org=7, rfam.org=6, noaa.gov=1, immunedynamics.io=4, vedantu.com=3, usda.gov=1, astrouw.edu.pl=18, rstudio.com=3, mirbase.org=1, kcl.ac.uk=2, planet4589.org=3, ksu.edu.kz=1, brenda-enzymes.org=19, iitr.ac.in=2, tommycohn.com=27, hixie.ch=1, purdue.edu=1, dir.bg=2, colorado.edu=1, fabiandablander.com=3, weatherbug.com=14, yonsei.ac.kr=2, snolab.ca=1, esa.int=1, professorbray.net=1, reactome.org=1, mitre.org=10, csir.co.za=2}"
"251","chemical/x-cache","[{org, 251}]","{earthbyte.org=251}"
"225","chemical/x-cif","[{uk, 225}]","{ebi.ac.uk=225}"
"178","text/troff","[{edu, 107}, {ca, 62}, {org, 6}]","{nasa.gov=3, peptideatlas.org=6, bcgsc.ca=62, ucsc.edu=107}"
"161","application/x-sqlite3","[{mil, 117}, {gov, 36}]","{nga.mil=117, bcgsc.ca=1, noaa.gov=36, wisc.edu=3, martinfleischmann.net=2, cern.ch=1, netlib.org=1}"
"152","application/vnd.ms-pki.stl","[{edu, 141}, {ch, 5}]","{harvard.edu=93, si.edu=47, asteroidmission.org=2, asc-csa.gc.ca=1, nasa.gov=3, ucsf.edu=1, uzh.ch=5}"
"150","application/xml","[{org, 70}, {com, 63}, {edu, 7}, {gov, 6}]","{earthbyte.org=14, proteinatlas.org=56, maplesoft.com=5, bcgsc.ca=2, nasa.gov=4, arabiaweather.com=58, nist.gov=1, washington.edu=6, caltech.edu=1, uzh.ch=2, usgs.gov=1}"
"106","application/epub+zip","[{org, 54}, {gov, 18}, {ec, 11}, {com, 9}, {cl, 5}]","{uni-jena.de=1, um.es=1, nasa.gov=4, gene-quantification.de=1, swsc-journal.org=9, ucuenca.edu.ec=11, clemson.edu=3, uautonoma.cl=5, brainfacts.org=1, techscience.com=9, canada.ca=1, globe.gov=14, sissa.it=2, aanda.org=44}"
"100","application/vnd.openxmlformats-officedocument.presentationml.presentation","[{int, 34}, {nl, 27}, {gov, 16}, {edu, 13}, {no, 5}]","{utwente.nl=27, liu.se=1, ans.org=1, ntnu.no=5, fz-juelich.de=1, ntnu.edu=5, tuwien.at=1, rss.org.uk=1, wisc.edu=1, columbia.edu=1, esa.int=34, globe.gov=16, duke.edu=1, nrao.edu=5}"
"94","text/tab-separated-values","[{org, 86}]","{kazusa.or.jp=2, proteinatlas.org=2, bcgsc.ca=4, nasa.gov=1, riken.jp=1, salmobase.org=41, peptideatlas.org=43}"
"93","application/vnd.apple.keynote","[{edu, 47}, {int, 14}, {gov, 9}, {ca, 9}]","{berkeley.edu=2, nasa.gov=8, noaa.gov=1, csiro.au=1, ox.ac.uk=4, unipi.it=1, hkust.edu.hk=2, columbia.edu=1, uchicago.edu=2, toronto.edu=1, harvard.edu=16, lowell.edu=6, triumf.ca=2, cornell.edu=1, colorado.edu=1, utoronto.ca=5, caltech.edu=2, washington.edu=1, cern.ch=3, ubc.ca=2, ntu.edu.tw=1, esa.int=14, nrao.edu=5, loria.fr=2, brown.edu=9}"
"93","image/vnd.djvu","[{ru, 58}, {org, 32}]","{numdam.org=32, epizodyspace.ru=58, millsian.com=1, uva.nl=2}"
"71","application/x-sh","[{uk, 44}, {at, 9}, {ca, 7}, {edu, 6}]","{vcell.org=2, bcgsc.ca=7, tugraz.at=9, noaa.gov=2, wisc.edu=1, hutton.ac.uk=44, caltech.edu=5, uj.edu.pl=1}"
"59","application/x-idl-save-file","[{gov, 49}, {edu, 10}]","{noaa.gov=47, nasa.gov=2, colorado.edu=1, caltech.edu=9}"
"53","application/vnd.ms-excel.sheet.macroenabled.12","[{ca, 53}]","{canada.ca=53}"
"43","application/json","[{at, 23}, {ca, 11}, {org, 5}]","{proteinatlas.org=5, ebi.ac.uk=4, tuwien.ac.at=23, bcgsc.ca=11}"
"40","application/x-gtar","[{uk, 30}]","{metoffice.gov.uk=30, ico2s.org=3, jhuapl.edu=2, caltech.edu=1, uzh.ch=4}"
"38","application/illustrator","[{org, 37}]","{iodp.org=37, caltech.edu=1}"
"30","application/vnd.lotus-wordpro","[{edu, 24}, {ca, 6}]","{bcgsc.ca=6, wisc.edu=24}"
"25","application/x-tika-msoffice","[{cern, 15}, {kr, 9}]","{root.cern=15, qcenter.kr=2, unist.ac.kr=7, openrepository.com=1}"
"23","application/x-matlab-data","[{cz, 7}, {pl, 5}, {edu, 5}]","{uni-freiburg.de=2, stanford.edu=2, unica.it=1, cvut.cz=7, nasa.gov=2, noaa.gov=1, nyu.edu=3, uj.edu.pl=5}"
"22","application/x-tika-ooxml","[{org, 16}]","{yonsei.ac.kr=3, ceos.org=2, cauriensia.es=1, duke.edu=1, eartharxiv.org=14, colorado.edu=1}"
"19","application/xhtml+xml","[{org, 10}, {ca, 6}]","{dockflow.org=1, esf.edu=1, produccioncientificaluz.org=9, theccc.org.uk=1, clemson.edu=1, uwaterloo.ca=6}"
"17","application/pgp-encrypted","[{ca, 16}]","{mit.edu=1, bcgsc.ca=16}"
"15","application/mxf","[{org, 13}]","{nasa.gov=2, freedesktop.org=13}"
"14","application/vnd.openxmlformats-officedocument.presentationml.slideshow","[]","{mbari.org=1, ceos.org=2, wsl.ch=3, esa.int=2, bcgsc.ca=1, uol.de=1, nasa.gov=2, cec.org=1, uva.nl=1}"
"14","text/event-stream","[{org, 14}]","{lmfdb.org=14}"
"14","model/vnd.mts","[{au, 14}]","{csiro.au=14}"
"13","application/vnd.snesdev-page-table","[{ca, 13}]","{bcgsc.ca=13}"
"12","application/x-download","[{com, 12}]","{im-ldi.com=12}"
"12","application/vnd.xara","[{cern, 12}]","{root.cern=12}"
"11","application/vnd.google-earth.kml+xml","[{gov, 10}]","{richmond.edu=1, noaa.gov=10}"
"10","application/rdf+xml","[{se, 9}]","{proconsortium.org=1, gu.se=9}"
